date_id,order_date,Month
1,2025-06-29,6
2,2025-03-04,3
3,2025-01-15,1
4,2025-04-17,4
5,2025-03-13,3
6,2025-08-07,8
7,2025-01-21,1
8,2025-04-13,4
9,2025-02-05,2
10,2025-07-30,7
11,2025-03-08,3
12,2025-03-16,3
13,2025-07-22,7
14,2025-03-29,3
15,2025-04-27,4
16,2025-10-04,10
17,2025-04-14,4
18,2025-01-06,1
19,2025-11-05,11
20,2025-05-30,5
21,2025-02-22,2
22,2025-02-01,2
23,2025-08-24,8
24,2025-07-06,7
25,2025-07-02,7
26,2025-10-05,10
27,2025-11-07,11
28,2025-07-07,7
29,2025-10-06,10
30,2025-07-23,7
31,2025-02-27,2
32,2025-01-22,1
33,2025-03-30,3
34,2025-02-18,2
35,2025-07-08,7
36,2025-02-28,2
37,2025-06-19,6
38,2025-08-08,8
39,2025-07-27,7
40,2025-09-07,9
41,2025-06-24,6
42,2025-02-20,2
43,2025-04-18,4
44,2025-02-24,2
45,2025-05-03,5
46,2025-08-17,8
47,2025-05-15,5
48,2025-03-14,3
49,2025-06-16,6
50,2025-01-18,1
51,2025-12-05,12
52,2025-01-03,1
53,2025-01-14,1
54,2025-08-30,8
55,2025-09-01,9
56,2025-03-31,3
57,2025-03-25,3
58,2025-02-04,2
59,2025-04-21,4
60,2025-07-18,7
61,2025-06-21,6
62,2025-08-01,8
63,2025-04-02,4
64,2025-07-25,7
65,2025-03-22,3
66,2025-06-13,6
67,2025-02-19,2
68,2025-05-14,5
69,2025-02-23,2
70,2025-04-16,4
71,2025-04-01,4
72,2025-09-08,9
73,2025-10-07,10
74,2025-05-26,5
75,2025-06-08,6
76,2025-02-13,2
77,2025-11-06,11
78,2025-07-21,7
79,2025-08-16,8
80,2025-05-04,5
81,2025-02-17,2
82,2025-07-19,7
83,2025-09-02,9
84,2025-01-08,1
85,2025-08-25,8
86,2025-03-23,3
87,2025-01-24,1
88,2025-03-06,3
89,2025-05-08,5
90,2025-04-05,4
91,2025-10-02,10
92,2025-06-06,6
93,2025-02-14,2
94,2025-06-03,6
95,2025-12-03,12
96,2025-02-16,2
97,2025-09-05,9
98,2025-05-16,5
99,2025-04-08,4
100,2025-05-19,5
101,2025-08-31,8
102,2025-12-06,12
103,2025-02-02,2
104,2025-03-05,3
105,2025-05-01,5
106,2025-08-22,8
107,2025-08-19,8
108,2025-01-28,1
109,2025-07-20,7
110,2025-12-01,12
111,2025-05-31,5
112,2025-06-02,6
113,2025-09-04,9
114,2025-02-08,2
115,2025-12-07,12
116,2025-08-15,8
117,2025-11-04,11
118,2025-01-01,1
119,2025-05-22,5
120,2025-01-27,1
121,2025-05-17,5
122,2025-07-26,7
123,2025-11-02,11
124,2025-07-24,7
125,2025-06-28,6
126,2025-06-04,6
127,2025-08-29,8
128,2025-02-21,2
129,2025-10-08,10
130,2025-05-23,5
131,2025-06-20,6
132,2025-01-29,1
133,2025-05-02,5
134,2025-01-13,1
135,2025-09-06,9
136,2025-06-07,6
137,2025-04-07,4
138,2025-01-30,1
139,2025-08-05,8
140,2025-08-13,8
141,2025-01-05,1
142,2025-04-26,4
143,2025-08-21,8
144,2025-03-01,3
145,2025-07-17,7
146,2025-04-06,4
147,2025-06-14,6
148,2025-04-28,4
149,2025-04-23,4
150,2025-05-07,5
151,2025-08-02,8
152,2025-03-07,3
153,2025-12-08,12
154,2025-05-27,5
155,2025-06-05,6
156,2025-02-07,2
157,2025-05-25,5
158,2025-08-04,8
159,2025-08-28,8
160,2025-05-24,5
161,2025-07-04,7
162,2025-05-28,5
163,2025-07-14,7
164,2025-06-17,6
165,2025-11-01,11
166,2025-06-27,6
167,2025-08-06,8
168,2025-07-01,7
169,2025-04-22,4
170,2025-05-20,5
171,2025-07-16,7
172,2025-04-30,4
173,2025-06-15,6
174,2025-02-06,2
175,2025-04-20,4
176,2025-07-13,7
177,2025-06-18,6
178,2025-06-25,6
179,2025-04-25,4
180,2025-04-29,4
181,2025-08-26,8
182,2025-08-18,8
183,2025-04-19,4
184,2025-01-07,1
185,2025-08-14,8
186,2025-01-17,1
187,2025-02-15,2
188,2025-06-01,6
189,2025-06-30,6
190,2025-01-25,1
191,2025-11-08,11
192,2025-06-23,6
193,2025-04-24,4
194,2025-01-02,1
195,2025-07-05,7
196,2025-12-02,12
197,2025-01-26,1
198,2025-02-26,2
199,2025-06-22,6
200,2025-01-20,1
201,2025-05-05,5
202,2025-08-23,8
203,2025-07-15,7
204,2025-04-04,4
205,2025-01-19,1
206,2025-01-23,1
207,2025-08-27,8
208,2025-03-02,3
209,2025-08-20,8
210,2025-01-16,1
211,2025-10-01,10
212,2025-05-18,5
213,2025-05-21,5
214,2025-04-15,4
215,2025-06-26,6
216,2025-07-29,7
217,2025-05-13,5
218,2025-01-04,1
219,2025-02-25,2
220,2025-05-29,5
221,2025-12-04,12
222,2025-05-06,5
223,2025-07-31,7
224,2025-07-28,7
225,2025-01-31,1
226,2025-03-28,3
227,2025-03-24,3
228,2025-10-03,10
229,2025-03-15,3
230,2025-03-19,3
231,2025-03-26,3
232,2025-03-17,3
233,2025-03-18,3
234,2025-03-20,3
235,2025-04-03,4
236,2025-11-03,11
237,2025-03-03,3
238,2025-09-03,9
239,2025-07-03,7
240,2025-03-21,3
241,2025-02-03,2
242,2025-03-27,3
243,2025-08-03,8
